﻿Designator,Footprint,Quantity,Value,LCSC Part #
"D1, D10, D11, D12, D13, D14, D15, D16, D17, D18, D19, D2, D20, D21, D22, D23, D24, D25, D26, D27, D28, D29, D3, D30, D31, D32, D33, D34, D35, D36, D37, D38, D39, D4, D40, D41, D42, D43, D44, D45, D46, D47, D48, D5, D6, D7, D8, D9",Diode,48,D_Small,
J1,PinSocket_1x04_P2.54mm_Vertical,1,Conn_01x04,
"SW1, SW10_2, SW11, SW12_4, SW13, SW14, SW16_2, SW17_4, SW18_6, SW19, SW2, SW20_2, SW21, SW22, SW23_2, SW24_2, SW25, SW27, SW29, SW3, SW30, SW31, SW32, SW33, SW34, SW35, SW36, SW37, SW38, SW39, SW4_3, SW40, SW41, SW42, SW43, SW44, SW46, SW48, SW49, SW5_4, SW50, SW52, SW55, SW6_5, SW7, SW8_3, SW9",SW_Gateron_LowProfile_THT180,47,KEYSW,
"SW10_4, SW10_3, SW10, SW11_5, SW11_4, SW11_3, SW11_2, SW12_6, SW12_5, SW12_3, SW12_2, SW12, SW14_3, SW14_2, SW15_3, SW15_2, SW15, SW16_4, SW16_3, SW16, SW17_5, SW17_3, SW17_2, SW17, SW18_5, SW18_4, SW18_3, SW18_2, SW18, SW2_3, SW2_2, SW20_3, SW20, SW21_4, SW21_3, SW21_2, SW22_3, SW22_2, SW23_4, SW23_3, SW23, SW24_6, SW24_5, SW24_4, SW24_3, SW24, SW3_4, SW3_3, SW3_2, SW4_4, SW4_2, SW4, SW5_5, SW5_3, SW5_2, SW5, SW6_6, SW6_4, SW6_3, SW6_2, SW6, SW8_2, SW8, SW9_4, SW9_3, SW9_2",gateron shape,66,GateronLP,
"SW51, SW53",RotaryEncoder_EC11,2,RotaryEncoder_Switch,
SW54,SW_Cherry_MX_1.25u_PCB,1,KEYSW,
U1,ArduinoProMicro-ZigZag,1,ProMicro,
