﻿Designator,Quantity,Value,Footprint,Package,MPN,DNP,Mount_Type
"D1, D10, D11, D12, D13, D14, D15, D16, D17, D18, D19, D2, D20, D21, D22, D23, D24, D25, D26, D27, D28, D29, D3, D30, D31, D32, D33, D34, D35, D36, D37, D38, D39, D4, D40, D41, D42, D43, D44, D45, D46, D47, D48, D5, D6, D7, D8, D9",48,D_Small,Diode,,,,tht
J1,1,Conn_01x04,PinSocket_1x04_P2.54mm_Vertical,,,,tht
"SW1, SW10, SW11, SW12, SW13, SW14, SW16, SW17, SW18, SW19, SW2, SW20, SW21, SW22, SW23, SW24, SW25, SW27, SW29, SW3, SW30, SW31, SW32, SW33, SW34, SW35, SW36, SW37, SW38, SW39, SW4, SW40, SW41, SW42, SW43, SW44, SW46, SW48, SW49, SW5, SW50, SW52, SW55, SW6, SW7, SW8, SW9",47,KEYSW,SW_Gateron_LowProfile_THT180,,,,tht
"SW10, SW10, SW10, SW11, SW11, SW11, SW11, SW12, SW12, SW12, SW12, SW12, SW14, SW14, SW15, SW15, SW15, SW16, SW16, SW16, SW17, SW17, SW17, SW17, SW18, SW18, SW18, SW18, SW18, SW2, SW2, SW20, SW20, SW21, SW21, SW21, SW22, SW22, SW23, SW23, SW23, SW24, SW24, SW24, SW24, SW24, SW3, SW3, SW3, SW4, SW4, SW4, SW5, SW5, SW5, SW5, SW6, SW6, SW6, SW6, SW6, SW8, SW8, SW9, SW9, SW9",66,GateronLP,gateron shape,,,,tht
"SW51, SW53",2,RotaryEncoder_Switch,RotaryEncoder_EC11,,,,tht
SW54,1,KEYSW,SW_Cherry_MX_1.25u_PCB,,,,tht
U1,1,ProMicro,ArduinoProMicro-ZigZag,,,,tht
