﻿pos_x,pos_y,rotation,side,designator,mpn,pack,footprint,value,mount_type,place
66.85,-28.65,0.0,top,D1,,,Diode,D_Small,tht,True
174.2875,-28.65,0.0,top,D10,,,Diode,D_Small,tht,True
186.225,-28.65,0.0,top,D11,,,Diode,D_Small,tht,True
198.1625,-28.65,0.0,top,D12,,,Diode,D_Small,tht,True
188.6125,-33.425,0.0,top,D13,,,Diode,D_Small,tht,True
69.2375,-33.425,0.0,top,D14,,,Diode,D_Small,tht,True
81.175,-33.425,0.0,top,D15,,,Diode,D_Small,tht,True
93.1125,-33.425,0.0,top,D16,,,Diode,D_Small,tht,True
105.05,-33.425,0.0,top,D17,,,Diode,D_Small,tht,True
116.9875,-33.425,0.0,top,D18,,,Diode,D_Small,tht,True
128.925,-33.425,0.0,top,D19,,,Diode,D_Small,tht,True
78.7875,-28.65,0.0,top,D2,,,Diode,D_Small,tht,True
140.8625,-33.425,0.0,top,D20,,,Diode,D_Small,tht,True
152.8,-33.425,0.0,top,D21,,,Diode,D_Small,tht,True
164.7375,-33.425,0.0,top,D22,,,Diode,D_Small,tht,True
176.675,-33.425,0.0,top,D23,,,Diode,D_Small,tht,True
200.55,-33.425,0.0,top,D24,,,Diode,D_Small,tht,True
71.625,-38.2,0.0,top,D25,,,Diode,D_Small,tht,True
83.5625,-38.2,0.0,top,D26,,,Diode,D_Small,tht,True
95.5,-38.2,0.0,top,D27,,,Diode,D_Small,tht,True
107.4375,-38.2,0.0,top,D28,,,Diode,D_Small,tht,True
119.375,-38.2,0.0,top,D29,,,Diode,D_Small,tht,True
90.725,-28.65,0.0,top,D3,,,Diode,D_Small,tht,True
131.3125,-38.2,0.0,top,D30,,,Diode,D_Small,tht,True
143.25,-38.2,0.0,top,D31,,,Diode,D_Small,tht,True
155.1875,-38.2,0.0,top,D32,,,Diode,D_Small,tht,True
167.125,-38.2,0.0,top,D33,,,Diode,D_Small,tht,True
179.0625,-38.2,0.0,top,D34,,,Diode,D_Small,tht,True
191.0,-38.2,0.0,top,D35,,,Diode,D_Small,tht,True
202.9375,-38.2,0.0,top,D36,,,Diode,D_Small,tht,True
157.575,-42.975,0.0,top,D37,,,Diode,D_Small,tht,True
74.0125,-42.975,0.0,top,D38,,,Diode,D_Small,tht,True
85.95,-42.975,0.0,top,D39,,,Diode,D_Small,tht,True
102.6625,-28.65,0.0,top,D4,,,Diode,D_Small,tht,True
97.8875,-42.975,0.0,top,D40,,,Diode,D_Small,tht,True
121.7625,-42.975,0.0,top,D41,,,Diode,D_Small,tht,True
133.7,-42.975,0.0,top,D42,,,Diode,D_Small,tht,True
145.6375,-42.975,0.0,top,D43,,,Diode,D_Small,tht,True
193.3875,-42.975,0.0,top,D44,,,Diode,D_Small,tht,True
205.325,-42.975,0.0,top,D45,,,Diode,D_Small,tht,True
181.45,-42.975,0.0,top,D46,,,Diode,D_Small,tht,True
169.5125,-42.975,0.0,top,D47,,,Diode,D_Small,tht,True
110.0,-43.0,0.0,top,D48,,,Diode,D_Small,tht,True
114.6,-28.65,0.0,top,D5,,,Diode,D_Small,tht,True
126.5375,-28.65,0.0,top,D6,,,Diode,D_Small,tht,True
138.475,-28.65,0.0,top,D7,,,Diode,D_Small,tht,True
150.4125,-28.65,0.0,top,D8,,,Diode,D_Small,tht,True
162.35,-28.65,0.0,top,D9,,,Diode,D_Small,tht,True
212.4875,-40.5875,180.0,top,J1,,,PinSocket_1x04_P2.54mm_Vertical,Conn_01x04,tht,True
42.5,-58.0,0.0,top,SW1,,,SW_Gateron_LowProfile_THT180,KEYSW,tht,True
80.5,-77.0,180.0,top,SW10,,,gateron shape,GateronLP,tht,True
137.5,-77.0,180.0,top,SW10,,,gateron shape,GateronLP,tht,True
213.5,-58.0,0.0,top,SW10,,,SW_Gateron_LowProfile_THT180,KEYSW,tht,True
194.5,-77.0,180.0,top,SW10,,,gateron shape,GateronLP,tht,True
232.5,-77.0,180.0,top,SW11,,,gateron shape,GateronLP,tht,True
156.5,-77.0,180.0,top,SW11,,,gateron shape,GateronLP,tht,True
99.5,-77.0,180.0,top,SW11,,,gateron shape,GateronLP,tht,True
213.5,-77.0,180.0,top,SW11,,,gateron shape,GateronLP,tht,True
232.5,-58.0,0.0,top,SW11,,,SW_Gateron_LowProfile_THT180,KEYSW,tht,True
251.5,-77.0,180.0,top,SW12,,,gateron shape,GateronLP,tht,True
232.5,-77.0,180.0,top,SW12,,,gateron shape,GateronLP,tht,True
251.5,-77.0,0.0,top,SW12,,,SW_Gateron_LowProfile_THT180,KEYSW,tht,True
118.5,-77.0,180.0,top,SW12,,,gateron shape,GateronLP,tht,True
175.5,-77.0,180.0,top,SW12,,,gateron shape,GateronLP,tht,True
175.5,-77.0,180.0,top,SW12,,,gateron shape,GateronLP,tht,True
251.5,-96.0,0.0,top,SW13,,,SW_Gateron_LowProfile_THT180,KEYSW,tht,True
99.5,-96.0,180.0,top,SW14,,,gateron shape,GateronLP,tht,True
42.5,-96.0,180.0,top,SW14,,,gateron shape,GateronLP,tht,True
42.5,-77.0,0.0,top,SW14,,,SW_Gateron_LowProfile_THT180,KEYSW,tht,True
118.5,-96.0,180.0,top,SW15,,,gateron shape,GateronLP,tht,True
61.5,-96.0,180.0,top,SW15,,,gateron shape,GateronLP,tht,True
175.5,-96.0,180.0,top,SW15,,,gateron shape,GateronLP,tht,True
137.5,-96.0,180.0,top,SW16,,,gateron shape,GateronLP,tht,True
80.5,-96.0,180.0,top,SW16,,,gateron shape,GateronLP,tht,True
61.5,-77.0,0.0,top,SW16,,,SW_Gateron_LowProfile_THT180,KEYSW,tht,True
194.5,-96.0,180.0,top,SW16,,,gateron shape,GateronLP,tht,True
99.5,-96.0,180.0,top,SW17,,,gateron shape,GateronLP,tht,True
80.5,-77.0,0.0,top,SW17,,,SW_Gateron_LowProfile_THT180,KEYSW,tht,True
232.5,-96.0,180.0,top,SW17,,,gateron shape,GateronLP,tht,True
213.5,-96.0,180.0,top,SW17,,,gateron shape,GateronLP,tht,True
156.5,-96.0,180.0,top,SW17,,,gateron shape,GateronLP,tht,True
99.5,-77.0,0.0,top,SW18,,,SW_Gateron_LowProfile_THT180,KEYSW,tht,True
175.5,-96.0,180.0,top,SW18,,,gateron shape,GateronLP,tht,True
251.5,-96.0,180.0,top,SW18,,,gateron shape,GateronLP,tht,True
232.5,-96.0,180.0,top,SW18,,,gateron shape,GateronLP,tht,True
175.5,-96.0,180.0,top,SW18,,,gateron shape,GateronLP,tht,True
118.5,-96.0,180.0,top,SW18,,,gateron shape,GateronLP,tht,True
118.5,-77.0,0.0,top,SW19,,,SW_Gateron_LowProfile_THT180,KEYSW,tht,True
42.5,-58.0,180.0,top,SW2,,,gateron shape,GateronLP,tht,True
99.5,-58.0,180.0,top,SW2,,,gateron shape,GateronLP,tht,True
61.5,-58.0,0.0,top,SW2,,,SW_Gateron_LowProfile_THT180,KEYSW,tht,True
99.5,-115.0,180.0,top,SW20,,,gateron shape,GateronLP,tht,True
137.5,-77.0,0.0,top,SW20,,,SW_Gateron_LowProfile_THT180,KEYSW,tht,True
42.5,-115.0,180.0,top,SW20,,,gateron shape,GateronLP,tht,True
118.5,-115.0,180.0,top,SW21,,,gateron shape,GateronLP,tht,True
61.5,-115.0,180.0,top,SW21,,,gateron shape,GateronLP,tht,True
175.5,-115.0,180.0,top,SW21,,,gateron shape,GateronLP,tht,True
156.5,-77.0,0.0,top,SW21,,,SW_Gateron_LowProfile_THT180,KEYSW,tht,True
80.5,-115.0,180.0,top,SW22,,,gateron shape,GateronLP,tht,True
194.5,-115.0,180.0,top,SW22,,,gateron shape,GateronLP,tht,True
175.5,-77.0,0.0,top,SW22,,,SW_Gateron_LowProfile_THT180,KEYSW,tht,True
213.5,-115.0,180.0,top,SW23,,,gateron shape,GateronLP,tht,True
99.5,-115.0,180.0,top,SW23,,,gateron shape,GateronLP,tht,True
194.5,-77.0,0.0,top,SW23,,,SW_Gateron_LowProfile_THT180,KEYSW,tht,True
232.5,-115.0,180.0,top,SW23,,,gateron shape,GateronLP,tht,True
232.5,-115.0,180.0,top,SW24,,,gateron shape,GateronLP,tht,True
118.5,-115.0,180.0,top,SW24,,,gateron shape,GateronLP,tht,True
175.5,-115.0,180.0,top,SW24,,,gateron shape,GateronLP,tht,True
175.5,-115.0,180.0,top,SW24,,,gateron shape,GateronLP,tht,True
213.5,-77.0,0.0,top,SW24,,,SW_Gateron_LowProfile_THT180,KEYSW,tht,True
251.5,-115.0,180.0,top,SW24,,,gateron shape,GateronLP,tht,True
232.5,-77.0,0.0,top,SW25,,,SW_Gateron_LowProfile_THT180,KEYSW,tht,True
42.5,-96.0,0.0,top,SW27,,,SW_Gateron_LowProfile_THT180,KEYSW,tht,True
61.5,-96.0,0.0,top,SW29,,,SW_Gateron_LowProfile_THT180,KEYSW,tht,True
61.5,-58.0,180.0,top,SW3,,,gateron shape,GateronLP,tht,True
118.5,-58.0,180.0,top,SW3,,,gateron shape,GateronLP,tht,True
175.5,-58.0,180.0,top,SW3,,,gateron shape,GateronLP,tht,True
80.5,-58.0,0.0,top,SW3,,,SW_Gateron_LowProfile_THT180,KEYSW,tht,True
80.5,-96.0,0.0,top,SW30,,,SW_Gateron_LowProfile_THT180,KEYSW,tht,True
99.5,-96.0,0.0,top,SW31,,,SW_Gateron_LowProfile_THT180,KEYSW,tht,True
118.5,-96.0,0.0,top,SW32,,,SW_Gateron_LowProfile_THT180,KEYSW,tht,True
137.5,-96.0,0.0,top,SW33,,,SW_Gateron_LowProfile_THT180,KEYSW,tht,True
156.5,-96.0,0.0,top,SW34,,,SW_Gateron_LowProfile_THT180,KEYSW,tht,True
175.5,-96.0,0.0,top,SW35,,,SW_Gateron_LowProfile_THT180,KEYSW,tht,True
194.5,-96.0,0.0,top,SW36,,,SW_Gateron_LowProfile_THT180,KEYSW,tht,True
213.5,-96.0,0.0,top,SW37,,,SW_Gateron_LowProfile_THT180,KEYSW,tht,True
232.5,-96.0,0.0,top,SW38,,,SW_Gateron_LowProfile_THT180,KEYSW,tht,True
251.5,-115.0,0.0,top,SW39,,,SW_Gateron_LowProfile_THT180,KEYSW,tht,True
137.5,-58.0,180.0,top,SW4,,,gateron shape,GateronLP,tht,True
99.5,-58.0,0.0,top,SW4,,,SW_Gateron_LowProfile_THT180,KEYSW,tht,True
80.5,-58.0,180.0,top,SW4,,,gateron shape,GateronLP,tht,True
194.5,-58.0,180.0,top,SW4,,,gateron shape,GateronLP,tht,True
80.5,-115.0,0.0,top,SW40,,,SW_Gateron_LowProfile_THT180,KEYSW,tht,True
147.0,-115.0,0.0,top,SW41,,,SW_Gateron_LowProfile_THT180,KEYSW,tht,True
194.5,-115.0,0.0,top,SW42,,,SW_Gateron_LowProfile_THT180,KEYSW,tht,True
42.5,-115.0,0.0,top,SW43,,,SW_Gateron_LowProfile_THT180,KEYSW,tht,True
61.5,-115.0,0.0,top,SW44,,,SW_Gateron_LowProfile_THT180,KEYSW,tht,True
118.5,-115.0,0.0,top,SW46,,,SW_Gateron_LowProfile_THT180,KEYSW,tht,True
175.5,-115.0,0.0,top,SW48,,,SW_Gateron_LowProfile_THT180,KEYSW,tht,True
213.5,-115.0,0.0,top,SW49,,,SW_Gateron_LowProfile_THT180,KEYSW,tht,True
232.5,-58.0,180.0,top,SW5,,,gateron shape,GateronLP,tht,True
118.5,-58.0,0.0,top,SW5,,,SW_Gateron_LowProfile_THT180,KEYSW,tht,True
213.5,-58.0,180.0,top,SW5,,,gateron shape,GateronLP,tht,True
99.5,-58.0,180.0,top,SW5,,,gateron shape,GateronLP,tht,True
156.5,-58.0,180.0,top,SW5,,,gateron shape,GateronLP,tht,True
232.5,-115.0,0.0,top,SW50,,,SW_Gateron_LowProfile_THT180,KEYSW,tht,True
262.625,-35.427,-90.0,top,SW51,,,RotaryEncoder_EC11,RotaryEncoder_Switch,tht,True
251.5,-58.0,0.0,top,SW52,,,SW_Gateron_LowProfile_THT180,KEYSW,tht,True
234.1554,-35.8125,-90.0,top,SW53,,,RotaryEncoder_EC11,RotaryEncoder_Switch,tht,True
260.085,-40.507,180.0,top,SW54,,,SW_Cherry_MX_1.25u_PCB,KEYSW,tht,True
99.5,-115.0,0.0,top,SW55,,,SW_Gateron_LowProfile_THT180,KEYSW,tht,True
251.5,-58.0,180.0,top,SW6,,,gateron shape,GateronLP,tht,True
137.5,-58.0,0.0,top,SW6,,,SW_Gateron_LowProfile_THT180,KEYSW,tht,True
175.5,-58.0,180.0,top,SW6,,,gateron shape,GateronLP,tht,True
232.5,-58.0,180.0,top,SW6,,,gateron shape,GateronLP,tht,True
118.5,-58.0,180.0,top,SW6,,,gateron shape,GateronLP,tht,True
175.5,-58.0,180.0,top,SW6,,,gateron shape,GateronLP,tht,True
156.5,-58.0,0.0,top,SW7,,,SW_Gateron_LowProfile_THT180,KEYSW,tht,True
175.5,-58.0,0.0,top,SW8,,,SW_Gateron_LowProfile_THT180,KEYSW,tht,True
42.5,-77.0,180.0,top,SW8,,,gateron shape,GateronLP,tht,True
99.5,-77.0,180.0,top,SW8,,,gateron shape,GateronLP,tht,True
175.5,-77.0,180.0,top,SW9,,,gateron shape,GateronLP,tht,True
61.5,-77.0,180.0,top,SW9,,,gateron shape,GateronLP,tht,True
118.5,-77.0,180.0,top,SW9,,,gateron shape,GateronLP,tht,True
194.5,-58.0,0.0,top,SW9,,,SW_Gateron_LowProfile_THT180,KEYSW,tht,True
42.975,-35.8125,0.0,bottom,U1,,,ArduinoProMicro-ZigZag,ProMicro,tht,True
